{"stats":{"minecraft:custom":{"minecraft:time_since_rest":34850,"minecraft:crouch_one_cm":58,"minecraft:sprint_one_cm":38204,"minecraft:play_time":34850,"minecraft:damage_taken":226,"minecraft:walk_one_cm":29121,"minecraft:sneak_time":37,"minecraft:mob_kills":1,"minecraft:jump":248,"minecraft:damage_dealt":84,"minecraft:leave_game":5,"minecraft:time_since_death":34850,"minecraft:total_world_time":34850,"minecraft:interact_with_crafting_table":8,"minecraft:fall_one_cm":2700,"minecraft:fly_one_cm":17954},"minecraft:crafted":{"minecraft:wooden_sword":1,"minecraft:birch_planks":24,"minecraft:crafting_table":1,"minecraft:stick":4,"minecraft:wooden_axe":1},"minecraft:mined":{"minecraft:grass":2,"minecraft:oak_log":12,"minecraft:stripped_oak_log":1,"minecraft:birch_log":12,"minecraft:stripped_birch_log":1,"minecraft:birch_leaves":1,"minecraft:pumpkin":9,"minecraft:oak_leaves":21},"minecraft:killed":{"minecraft:chicken":1},"minecraft:used":{"minecraft:oak_log":1,"minecraft:wooden_axe":31,"minecraft:apple":1,"minecraft:crafting_table":1,"minecraft:chicken":1,"minecraft:egg":2},"minecraft:picked_up":{"minecraft:stripped_oak_log":1,"minecraft:birch_log":12,"minecraft:chicken":1,"minecraft:pumpkin":9,"minecraft:apple":1,"minecraft:wheat_seeds":1,"minecraft:oak_log":12,"minecraft:oak_sapling":1,"minecraft:stripped_birch_log":1,"minecraft:egg":2}},"DataVersion":3465}