{"stats":{"minecraft:custom":{"minecraft:jump":41,"minecraft:time_since_rest":16460,"minecraft:damage_taken":50,"minecraft:leave_game":3,"minecraft:play_time":16460,"minecraft:sprint_one_cm":4596,"minecraft:time_since_death":16460,"minecraft:walk_one_cm":3280,"minecraft:total_world_time":16460,"minecraft:fall_one_cm":1597,"minecraft:fly_one_cm":5296},"minecraft:mined":{"minecraft:oak_log":2,"minecraft:oak_leaves":3},"minecraft:used":{"minecraft:oak_log":1,"minecraft:apple":1},"minecraft:picked_up":{"minecraft:oak_log":2,"minecraft:apple":1}},"DataVersion":3465}