{"stats":{"minecraft:custom":{"minecraft:time_since_rest":1139,"minecraft:interact_with_furnace":9,"minecraft:sprint_one_cm":131370,"minecraft:damage_taken":628,"minecraft:walk_one_cm":99676,"minecraft:mob_kills":1,"minecraft:drop":3,"minecraft:damage_dealt":179,"minecraft:swim_one_cm":9162,"minecraft:interact_with_crafting_table":18,"minecraft:fly_one_cm":29964,"minecraft:open_chest":9,"minecraft:crouch_one_cm":523,"minecraft:play_time":60194,"minecraft:deaths":2,"minecraft:sneak_time":364,"minecraft:walk_under_water_one_cm":1506,"minecraft:jump":464,"minecraft:sleep_in_bed":1,"minecraft:leave_game":6,"minecraft:time_since_death":1108,"minecraft:walk_on_water_one_cm":145,"minecraft:total_world_time":60194,"minecraft:fall_one_cm":5107},"minecraft:killed_by":{"minecraft:player":1},"minecraft:dropped":{"minecraft:iron_ingot":1,"minecraft:cooked_porkchop":2,"minecraft:white_wool":6},"minecraft:picked_up":{"minecraft:birch_log":13,"minecraft:stripped_oak_log":1,"minecraft:feather":4,"minecraft:chicken":3,"minecraft:pumpkin":9,"minecraft:oak_log":12,"minecraft:white_bed":1,"minecraft:diorite":8,"minecraft:stripped_birch_log":1,"minecraft:dirt":25,"minecraft:apple":1,"minecraft:wheat_seeds":1,"minecraft:oak_sapling":1,"minecraft:mutton":1,"minecraft:oak_planks":2,"minecraft:white_wool":6,"minecraft:cobblestone":71,"minecraft:egg":6},"minecraft:crafted":{"minecraft:wooden_sword":1,"minecraft:oak_planks":44,"minecraft:cooked_porkchop":4,"minecraft:crafting_table":1,"minecraft:stick":6,"minecraft:iron_ingot":2,"minecraft:wooden_pickaxe":1,"minecraft:stone_pickaxe":1,"minecraft:wooden_axe":1,"minecraft:birch_door":3,"minecraft:birch_planks":46,"minecraft:shears":1},"minecraft:mined":{"minecraft:birch_log":13,"minecraft:stripped_birch_log":1,"minecraft:birch_leaves":1,"minecraft:pumpkin":9,"minecraft:grass":3,"minecraft:grass_block":6,"minecraft:oak_log":12,"minecraft:dirt":19,"minecraft:stripped_oak_log":1,"minecraft:stone":70,"minecraft:oak_planks":2,"minecraft:diorite":8,"minecraft:oak_leaves":21},"minecraft:killed":{"minecraft:chicken":1},"minecraft:used":{"minecraft:oak_log":1,"minecraft:wooden_axe":33,"minecraft:apple":1,"minecraft:birch_planks":25,"minecraft:stripped_birch_log":1,"minecraft:chicken":1,"minecraft:stone_pickaxe":54,"minecraft:oak_planks":46,"minecraft:wooden_pickaxe":43,"minecraft:mutton":1,"minecraft:cobblestone":3,"minecraft:crafting_table":1,"minecraft:cooked_porkchop":2,"minecraft:birch_log":1,"minecraft:white_bed":1,"minecraft:egg":4,"minecraft:birch_door":2}},"DataVersion":3465}