{"stats":{"minecraft:crafted":{"minecraft:wooden_sword":1,"minecraft:oak_planks":44,"minecraft:cooked_porkchop":6,"minecraft:crafting_table":1,"minecraft:stick":6,"minecraft:wooden_pickaxe":1,"minecraft:iron_ingot":2,"minecraft:stone_pickaxe":2,"minecraft:wooden_axe":1,"minecraft:birch_door":3,"minecraft:birch_planks":46,"minecraft:stone_axe":1,"minecraft:shears":1,"minecraft:air":0},"minecraft:mined":{"minecraft:birch_log":13,"minecraft:stripped_birch_log":1,"minecraft:birch_leaves":1,"minecraft:pumpkin":9,"minecraft:grass":4,"minecraft:grass_block":6,"minecraft:oak_log":107,"minecraft:dirt":19,"minecraft:stripped_oak_log":12,"minecraft:stone":70,"minecraft:oak_planks":2,"minecraft:diorite":8,"minecraft:oak_leaves":29},"minecraft:killed_by":{"minecraft:player":1},"minecraft:picked_up":{"minecraft:stripped_oak_log":12,"minecraft:birch_log":13,"minecraft:feather":4,"minecraft:chicken":3,"minecraft:pumpkin":9,"minecraft:oak_log":106,"minecraft:diorite":8,"minecraft:white_bed":1,"minecraft:dirt":25,"minecraft:stripped_birch_log":1,"minecraft:apple":2,"minecraft:wheat_seeds":1,"minecraft:oak_sapling":5,"minecraft:mutton":1,"minecraft:oak_planks":2,"minecraft:white_wool":6,"minecraft:cobblestone":95,"minecraft:egg":6},"minecraft:used":{"minecraft:oak_log":1,"minecraft:wooden_axe":33,"minecraft:apple":1,"minecraft:birch_planks":25,"minecraft:stripped_birch_log":1,"minecraft:chicken":1,"minecraft:stone_pickaxe":54,"minecraft:oak_planks":46,"minecraft:wooden_pickaxe":43,"minecraft:stone_axe":127,"minecraft:cobblestone":3,"minecraft:mutton":1,"minecraft:crafting_table":1,"minecraft:cooked_porkchop":2,"minecraft:birch_log":1,"minecraft:white_bed":1,"minecraft:egg":5,"minecraft:birch_door":2},"minecraft:killed":{"minecraft:chicken":1},"minecraft:custom":{"minecraft:time_since_rest":7266,"minecraft:interact_with_furnace":13,"minecraft:sprint_one_cm":175553,"minecraft:damage_taken":628,"minecraft:walk_one_cm":129389,"minecraft:mob_kills":1,"minecraft:drop":3,"minecraft:damage_dealt":189,"minecraft:swim_one_cm":9162,"minecraft:interact_with_crafting_table":23,"minecraft:fly_one_cm":41045,"minecraft:open_chest":17,"minecraft:crouch_one_cm":751,"minecraft:play_time":72099,"minecraft:deaths":2,"minecraft:sneak_time":758,"minecraft:walk_under_water_one_cm":1506,"minecraft:jump":533,"minecraft:leave_game":8,"minecraft:time_since_death":13013,"minecraft:walk_on_water_one_cm":145,"minecraft:sleep_in_bed":2,"minecraft:total_world_time":72099,"minecraft:fall_one_cm":6063},"minecraft:dropped":{"minecraft:iron_ingot":1,"minecraft:cooked_porkchop":2,"minecraft:white_wool":6}},"DataVersion":3465}