{"stats":{"minecraft:custom":{"minecraft:time_since_rest":43037,"minecraft:interact_with_furnace":5,"minecraft:sprint_one_cm":45657,"minecraft:damage_taken":251,"minecraft:walk_one_cm":43358,"minecraft:mob_kills":1,"minecraft:drop":1,"minecraft:damage_dealt":104,"minecraft:interact_with_crafting_table":12,"minecraft:fly_one_cm":18599,"minecraft:crouch_one_cm":396,"minecraft:play_time":43037,"minecraft:sneak_time":289,"minecraft:jump":271,"minecraft:leave_game":5,"minecraft:time_since_death":43037,"minecraft:total_world_time":43037,"minecraft:fall_one_cm":3387},"minecraft:crafted":{"minecraft:wooden_sword":1,"minecraft:oak_planks":44,"minecraft:cooked_porkchop":4,"minecraft:crafting_table":1,"minecraft:stick":6,"minecraft:wooden_pickaxe":1,"minecraft:wooden_axe":1,"minecraft:birch_door":3,"minecraft:birch_planks":46},"minecraft:mined":{"minecraft:birch_log":12,"minecraft:stripped_birch_log":1,"minecraft:birch_leaves":1,"minecraft:pumpkin":9,"minecraft:grass":3,"minecraft:grass_block":5,"minecraft:oak_log":12,"minecraft:dirt":12,"minecraft:stripped_oak_log":1,"minecraft:stone":30,"minecraft:oak_planks":2,"minecraft:oak_leaves":21},"minecraft:killed":{"minecraft:chicken":1},"minecraft:used":{"minecraft:oak_log":1,"minecraft:wooden_axe":33,"minecraft:apple":1,"minecraft:birch_planks":25,"minecraft:stripped_birch_log":1,"minecraft:chicken":1,"minecraft:oak_planks":46,"minecraft:wooden_pickaxe":42,"minecraft:crafting_table":1,"minecraft:cooked_porkchop":2,"minecraft:egg":2,"minecraft:birch_door":2},"minecraft:dropped":{"minecraft:cooked_porkchop":2},"minecraft:picked_up":{"minecraft:birch_log":12,"minecraft:stripped_oak_log":1,"minecraft:chicken":1,"minecraft:pumpkin":9,"minecraft:oak_log":12,"minecraft:stripped_birch_log":1,"minecraft:dirt":16,"minecraft:apple":1,"minecraft:wheat_seeds":1,"minecraft:oak_sapling":1,"minecraft:oak_planks":2,"minecraft:cobblestone":30,"minecraft:egg":2}},"DataVersion":3465}