{"stats":{"minecraft:crafted":{"minecraft:wooden_sword":1,"minecraft:oak_planks":76,"minecraft:crafting_table":1,"minecraft:wooden_pickaxe":1,"minecraft:cooked_chicken":1,"minecraft:furnace":1,"minecraft:cooked_salmon":4,"minecraft:stone":119,"minecraft:stick":96,"minecraft:iron_ingot":2,"minecraft:iron_pickaxe":1,"minecraft:stone_pickaxe":3,"minecraft:wooden_axe":1,"minecraft:stone_sword":1,"minecraft:white_bed":2,"minecraft:torch":100},"minecraft:mined":{"minecraft:white_bed":1,"minecraft:grass_block":5,"minecraft:wall_torch":1,"minecraft:birch_planks":6,"minecraft:iron_ore":4,"minecraft:grass":1,"minecraft:oak_log":23,"minecraft:coal_ore":33,"minecraft:dirt":7,"minecraft:stone":201,"minecraft:oak_leaves":46},"minecraft:picked_up":{"minecraft:wooden_axe":1,"minecraft:chicken":1,"minecraft:salmon":13,"minecraft:birch_planks":6,"minecraft:oak_log":27,"minecraft:dirt":13,"minecraft:cooked_salmon":2,"minecraft:iron_ingot":1,"minecraft:stone_pickaxe":2,"minecraft:iron_pickaxe":1,"minecraft:oak_planks":22,"minecraft:stick":22,"minecraft:raw_iron":4,"minecraft:cooked_porkchop":2,"minecraft:torch":18,"minecraft:porkchop":10,"minecraft:white_bed":1,"minecraft:stone_sword":1,"minecraft:rotten_flesh":1,"minecraft:bone_meal":1,"minecraft:oak_sapling":2,"minecraft:coal":33,"minecraft:white_wool":9,"minecraft:cobblestone":198},"minecraft:broken":{"minecraft:stone_pickaxe":1,"minecraft:wooden_sword":1,"minecraft:wooden_pickaxe":1},"minecraft:used":{"minecraft:stone_sword":9,"minecraft:birch_planks":5,"minecraft:stone_pickaxe":192,"minecraft:oak_planks":2,"minecraft:wooden_pickaxe":59,"minecraft:cooked_salmon":2,"minecraft:cooked_chicken":1,"minecraft:rotten_flesh":1,"minecraft:torch":22,"minecraft:dirt":13,"minecraft:crafting_table":1,"minecraft:white_bed":2,"minecraft:wooden_axe":49,"minecraft:wooden_sword":60,"minecraft:cobblestone":5,"minecraft:furnace":1,"minecraft:cooked_porkchop":2},"minecraft:killed":{"minecraft:pig":3,"minecraft:salmon":9,"minecraft:skeleton":1,"minecraft:zombie":2,"minecraft:chicken":1},"minecraft:custom":{"minecraft:interact_with_furnace":37,"minecraft:mob_kills":16,"minecraft:interact_with_crafting_table":16,"minecraft:leave_game":2,"minecraft:time_since_death":9140,"minecraft:sleep_in_bed":1,"minecraft:time_since_rest":9698,"minecraft:sprint_one_cm":97959,"minecraft:damage_taken":606,"minecraft:walk_one_cm":113568,"minecraft:drop":2,"minecraft:damage_dealt":1337,"minecraft:swim_one_cm":371,"minecraft:fly_one_cm":11493,"minecraft:player_kills":1,"minecraft:open_chest":33,"minecraft:play_time":53426,"minecraft:deaths":1,"minecraft:sneak_time":415,"minecraft:walk_under_water_one_cm":16572,"minecraft:jump":297,"minecraft:walk_on_water_one_cm":17798,"minecraft:total_world_time":53426,"minecraft:fall_one_cm":745},"minecraft:dropped":{"minecraft:white_bed":1,"minecraft:white_wool":3}},"DataVersion":3465}