{"stats":{"minecraft:crafted":{"minecraft:wooden_sword":1,"minecraft:oak_planks":76,"minecraft:cooked_porkchop":4,"minecraft:crafting_table":1,"minecraft:wooden_pickaxe":1,"minecraft:cooked_chicken":1,"minecraft:furnace":1,"minecraft:cooked_salmon":9,"minecraft:stone":154,"minecraft:cooked_mutton":5,"minecraft:stick":96,"minecraft:iron_ingot":2,"minecraft:iron_pickaxe":1,"minecraft:stone_pickaxe":3,"minecraft:wooden_axe":1,"minecraft:stone_sword":1,"minecraft:white_bed":2,"minecraft:torch":100},"minecraft:mined":{"minecraft:white_bed":1,"minecraft:grass_block":5,"minecraft:wall_torch":2,"minecraft:birch_planks":6,"minecraft:iron_ore":4,"minecraft:pumpkin":4,"minecraft:grass":10,"minecraft:oak_log":23,"minecraft:coal_ore":33,"minecraft:dirt":7,"minecraft:stone":201,"minecraft:oak_leaves":46},"minecraft:picked_up":{"minecraft:wooden_axe":1,"minecraft:chicken":1,"minecraft:salmon":13,"minecraft:brown_wool":1,"minecraft:birch_planks":6,"minecraft:oak_log":27,"minecraft:string":2,"minecraft:dirt":13,"minecraft:cooked_salmon":2,"minecraft:wheat_seeds":1,"minecraft:iron_ingot":1,"minecraft:stone_pickaxe":2,"minecraft:iron_pickaxe":1,"minecraft:oak_planks":22,"minecraft:stick":22,"minecraft:raw_iron":4,"minecraft:cooked_porkchop":2,"minecraft:pumpkin":4,"minecraft:torch":19,"minecraft:porkchop":26,"minecraft:white_bed":1,"minecraft:stone_sword":2,"minecraft:rotten_flesh":1,"minecraft:bone_meal":1,"minecraft:gray_wool":1,"minecraft:oak_sapling":2,"minecraft:mutton":5,"minecraft:coal":33,"minecraft:white_wool":12,"minecraft:cobblestone":199},"minecraft:broken":{"minecraft:stone_pickaxe":1,"minecraft:wooden_sword":1,"minecraft:wooden_pickaxe":1},"minecraft:used":{"minecraft:stone_sword":99,"minecraft:birch_planks":5,"minecraft:stone_pickaxe":192,"minecraft:oak_planks":2,"minecraft:wooden_pickaxe":59,"minecraft:cooked_salmon":4,"minecraft:cooked_chicken":1,"minecraft:rotten_flesh":1,"minecraft:torch":24,"minecraft:dirt":13,"minecraft:crafting_table":1,"minecraft:white_bed":2,"minecraft:wooden_axe":49,"minecraft:wooden_sword":60,"minecraft:cobblestone":10,"minecraft:furnace":1,"minecraft:cooked_porkchop":2},"minecraft:killed":{"minecraft:wolf":1,"minecraft:pig":10,"minecraft:salmon":9,"minecraft:spider":1,"minecraft:sheep":5,"minecraft:skeleton":1,"minecraft:zombie":2,"minecraft:chicken":1},"minecraft:custom":{"minecraft:interact_with_furnace":50,"minecraft:mob_kills":30,"minecraft:interact_with_crafting_table":17,"minecraft:leave_game":2,"minecraft:time_since_death":21140,"minecraft:sleep_in_bed":2,"minecraft:time_since_rest":10697,"minecraft:sprint_one_cm":131642,"minecraft:damage_taken":656,"minecraft:walk_one_cm":203989,"minecraft:drop":3,"minecraft:damage_dealt":2678,"minecraft:swim_one_cm":371,"minecraft:fly_one_cm":14377,"minecraft:player_kills":1,"minecraft:open_chest":42,"minecraft:play_time":65426,"minecraft:deaths":1,"minecraft:sneak_time":420,"minecraft:walk_under_water_one_cm":16572,"minecraft:jump":450,"minecraft:walk_on_water_one_cm":17798,"minecraft:total_world_time":65426,"minecraft:fall_one_cm":2448},"minecraft:dropped":{"minecraft:stone_sword":1,"minecraft:white_bed":1,"minecraft:white_wool":3}},"DataVersion":3465}