{"stats":{"minecraft:custom":{"minecraft:time_since_rest":29225,"minecraft:interact_with_furnace":16,"minecraft:sprint_one_cm":48375,"minecraft:damage_taken":276,"minecraft:walk_one_cm":69689,"minecraft:mob_kills":6,"minecraft:damage_dealt":767,"minecraft:interact_with_crafting_table":10,"minecraft:fly_one_cm":4864,"minecraft:open_chest":11,"minecraft:play_time":29225,"minecraft:sneak_time":415,"minecraft:walk_under_water_one_cm":145,"minecraft:jump":197,"minecraft:walk_on_water_one_cm":743,"minecraft:time_since_death":29225,"minecraft:total_world_time":29225,"minecraft:fall_one_cm":209},"minecraft:picked_up":{"minecraft:raw_iron":4,"minecraft:chicken":1,"minecraft:cooked_porkchop":2,"minecraft:birch_planks":6,"minecraft:porkchop":4,"minecraft:oak_log":19,"minecraft:dirt":13,"minecraft:iron_ingot":1,"minecraft:coal":33,"minecraft:cobblestone":139},"minecraft:crafted":{"minecraft:wooden_sword":1,"minecraft:oak_planks":76,"minecraft:crafting_table":1,"minecraft:stick":88,"minecraft:iron_pickaxe":1,"minecraft:iron_ingot":2,"minecraft:wooden_pickaxe":1,"minecraft:cooked_chicken":1,"minecraft:stone_pickaxe":3,"minecraft:stone_sword":1,"minecraft:furnace":1,"minecraft:stone":24,"minecraft:torch":36},"minecraft:mined":{"minecraft:birch_planks":6,"minecraft:iron_ore":4,"minecraft:grass":1,"minecraft:grass_block":5,"minecraft:oak_log":19,"minecraft:coal_ore":33,"minecraft:dirt":7,"minecraft:stone":141},"minecraft:killed":{"minecraft:skeleton":1,"minecraft:zombie":2,"minecraft:pig":2,"minecraft:chicken":1},"minecraft:broken":{"minecraft:stone_pickaxe":1,"minecraft:wooden_pickaxe":1},"minecraft:used":{"minecraft:birch_planks":5,"minecraft:stone_pickaxe":131,"minecraft:wooden_pickaxe":59,"minecraft:cooked_chicken":1,"minecraft:torch":13,"minecraft:wooden_sword":46,"minecraft:dirt":13,"minecraft:cobblestone":5,"minecraft:crafting_table":1,"minecraft:furnace":1,"minecraft:cooked_porkchop":2}},"DataVersion":3465}