{"stats":{"minecraft:custom":{"minecraft:jump":22,"minecraft:time_since_rest":5336,"minecraft:damage_dealt":101,"minecraft:sprint_one_cm":9685,"minecraft:play_time":5336,"minecraft:damage_taken":61,"minecraft:time_since_death":5336,"minecraft:walk_one_cm":9130,"minecraft:sneak_time":298,"minecraft:total_world_time":5336,"minecraft:mob_kills":1,"minecraft:interact_with_crafting_table":3,"minecraft:fly_one_cm":1401},"minecraft:crafted":{"minecraft:wooden_sword":1,"minecraft:oak_planks":76,"minecraft:stick":40,"minecraft:wooden_pickaxe":1},"minecraft:mined":{"minecraft:oak_log":19},"minecraft:killed":{"minecraft:skeleton":1},"minecraft:picked_up":{"minecraft:oak_log":19}},"DataVersion":3465}