{"stats":{"minecraft:crafted":{"minecraft:wooden_sword":1,"minecraft:oak_planks":76,"minecraft:crafting_table":1,"minecraft:stick":96,"minecraft:wooden_pickaxe":1,"minecraft:iron_ingot":2,"minecraft:cooked_chicken":1,"minecraft:iron_pickaxe":1,"minecraft:stone_pickaxe":3,"minecraft:wooden_axe":1,"minecraft:stone_sword":1,"minecraft:furnace":1,"minecraft:white_bed":2,"minecraft:cooked_salmon":4,"minecraft:stone":55,"minecraft:torch":100},"minecraft:mined":{"minecraft:birch_planks":6,"minecraft:white_bed":1,"minecraft:iron_ore":4,"minecraft:grass":1,"minecraft:grass_block":5,"minecraft:coal_ore":33,"minecraft:oak_log":23,"minecraft:dirt":7,"minecraft:stone":141,"minecraft:oak_leaves":46,"minecraft:wall_torch":1},"minecraft:picked_up":{"minecraft:raw_iron":4,"minecraft:chicken":1,"minecraft:cooked_porkchop":2,"minecraft:salmon":8,"minecraft:torch":1,"minecraft:birch_planks":6,"minecraft:porkchop":7,"minecraft:oak_log":23,"minecraft:white_bed":1,"minecraft:dirt":13,"minecraft:rotten_flesh":1,"minecraft:iron_ingot":1,"minecraft:bone_meal":1,"minecraft:oak_sapling":1,"minecraft:coal":33,"minecraft:white_wool":9,"minecraft:cobblestone":139},"minecraft:broken":{"minecraft:stone_pickaxe":1,"minecraft:wooden_sword":1,"minecraft:wooden_pickaxe":1},"minecraft:used":{"minecraft:wooden_axe":49,"minecraft:stone_sword":8,"minecraft:birch_planks":5,"minecraft:stone_pickaxe":132,"minecraft:oak_planks":2,"minecraft:wooden_pickaxe":59,"minecraft:cooked_salmon":2,"minecraft:cooked_chicken":1,"minecraft:rotten_flesh":1,"minecraft:torch":20,"minecraft:wooden_sword":60,"minecraft:dirt":13,"minecraft:cobblestone":5,"minecraft:crafting_table":1,"minecraft:furnace":1,"minecraft:cooked_porkchop":2,"minecraft:white_bed":2},"minecraft:killed":{"minecraft:skeleton":1,"minecraft:zombie":2,"minecraft:pig":3,"minecraft:chicken":1,"minecraft:salmon":8},"minecraft:custom":{"minecraft:time_since_rest":346,"minecraft:sprint_one_cm":74513,"minecraft:interact_with_furnace":29,"minecraft:damage_taken":606,"minecraft:walk_one_cm":92853,"minecraft:mob_kills":15,"minecraft:drop":2,"minecraft:damage_dealt":1307,"minecraft:swim_one_cm":371,"minecraft:interact_with_crafting_table":15,"minecraft:fly_one_cm":8589,"minecraft:player_kills":1,"minecraft:open_chest":26,"minecraft:deaths":1,"minecraft:play_time":44074,"minecraft:sneak_time":415,"minecraft:walk_under_water_one_cm":11103,"minecraft:jump":261,"minecraft:leave_game":2,"minecraft:time_since_death":0,"minecraft:walk_on_water_one_cm":6964,"minecraft:sleep_in_bed":1,"minecraft:total_world_time":44074,"minecraft:fall_one_cm":209},"minecraft:dropped":{"minecraft:white_bed":1,"minecraft:white_wool":3}},"DataVersion":3465}