{"stats":{"minecraft:broken":{"minecraft:wooden_pickaxe":1},"minecraft:custom":{"minecraft:time_since_rest":17336,"minecraft:sprint_one_cm":44552,"minecraft:interact_with_furnace":4,"minecraft:damage_taken":256,"minecraft:walk_one_cm":51503,"minecraft:mob_kills":6,"minecraft:damage_dealt":767,"minecraft:interact_with_crafting_table":6,"minecraft:fly_one_cm":4736,"minecraft:play_time":17336,"minecraft:sneak_time":362,"minecraft:walk_under_water_one_cm":145,"minecraft:jump":124,"minecraft:walk_on_water_one_cm":743,"minecraft:time_since_death":17336,"minecraft:total_world_time":17336,"minecraft:fall_one_cm":209},"minecraft:crafted":{"minecraft:wooden_sword":1,"minecraft:oak_planks":76,"minecraft:crafting_table":1,"minecraft:stick":40,"minecraft:wooden_pickaxe":1,"minecraft:cooked_chicken":1,"minecraft:furnace":1,"minecraft:torch":36},"minecraft:mined":{"minecraft:birch_planks":6,"minecraft:grass":1,"minecraft:oak_log":19,"minecraft:grass_block":5,"minecraft:coal_ore":13,"minecraft:dirt":7,"minecraft:stone":34},"minecraft:killed":{"minecraft:skeleton":1,"minecraft:zombie":2,"minecraft:pig":2,"minecraft:chicken":1},"minecraft:used":{"minecraft:birch_planks":5,"minecraft:wooden_pickaxe":59,"minecraft:torch":10,"minecraft:wooden_sword":46,"minecraft:dirt":12,"minecraft:crafting_table":1,"minecraft:furnace":1,"minecraft:cooked_porkchop":2},"minecraft:picked_up":{"minecraft:chicken":1,"minecraft:cooked_porkchop":2,"minecraft:birch_planks":6,"minecraft:porkchop":4,"minecraft:oak_log":19,"minecraft:dirt":13,"minecraft:coal":13,"minecraft:cobblestone":33}},"DataVersion":3465}