{"stats":{"minecraft:crafted":{"minecraft:wooden_sword":1,"minecraft:oak_planks":76,"minecraft:cooked_porkchop":15,"minecraft:crafting_table":1,"minecraft:wooden_pickaxe":1,"minecraft:cooked_chicken":1,"minecraft:furnace":1,"minecraft:cooked_salmon":16,"minecraft:stone":154,"minecraft:bone_meal":6,"minecraft:cooked_mutton":5,"minecraft:stick":96,"minecraft:iron_ingot":2,"minecraft:iron_pickaxe":1,"minecraft:stone_pickaxe":3,"minecraft:wooden_axe":1,"minecraft:stone_sword":1,"minecraft:white_bed":2,"minecraft:torch":100},"minecraft:mined":{"minecraft:white_bed":1,"minecraft:grass_block":5,"minecraft:wall_torch":2,"minecraft:seagrass":1,"minecraft:birch_planks":6,"minecraft:iron_ore":4,"minecraft:pumpkin":4,"minecraft:grass":10,"minecraft:oak_log":23,"minecraft:coal_ore":33,"minecraft:dirt":7,"minecraft:stone":201,"minecraft:oak_leaves":46},"minecraft:picked_up":{"minecraft:wooden_axe":1,"minecraft:chicken":1,"minecraft:salmon":20,"minecraft:brown_wool":1,"minecraft:birch_planks":6,"minecraft:oak_log":27,"minecraft:string":2,"minecraft:dirt":13,"minecraft:cooked_salmon":2,"minecraft:bone":2,"minecraft:apple":1,"minecraft:wheat_seeds":1,"minecraft:iron_ingot":1,"minecraft:stone_pickaxe":2,"minecraft:iron_pickaxe":1,"minecraft:oak_planks":22,"minecraft:stick":22,"minecraft:raw_iron":4,"minecraft:cooked_porkchop":2,"minecraft:pumpkin":4,"minecraft:torch":19,"minecraft:porkchop":26,"minecraft:white_bed":1,"minecraft:stone_sword":2,"minecraft:rotten_flesh":1,"minecraft:bone_meal":2,"minecraft:gray_wool":1,"minecraft:oak_sapling":2,"minecraft:mutton":5,"minecraft:coal":33,"minecraft:white_wool":12,"minecraft:cobblestone":199},"minecraft:broken":{"minecraft:stone_pickaxe":1,"minecraft:wooden_sword":1,"minecraft:wooden_pickaxe":1},"minecraft:used":{"minecraft:stone_sword":115,"minecraft:birch_planks":5,"minecraft:stone_pickaxe":196,"minecraft:oak_planks":2,"minecraft:wooden_pickaxe":59,"minecraft:cooked_salmon":4,"minecraft:cooked_chicken":1,"minecraft:rotten_flesh":1,"minecraft:torch":24,"minecraft:dirt":13,"minecraft:crafting_table":1,"minecraft:white_bed":2,"minecraft:wooden_axe":49,"minecraft:wooden_sword":60,"minecraft:cobblestone":10,"minecraft:furnace":1,"minecraft:cooked_porkchop":2},"minecraft:killed":{"minecraft:wolf":1,"minecraft:pig":10,"minecraft:salmon":17,"minecraft:spider":1,"minecraft:sheep":5,"minecraft:skeleton":1,"minecraft:zombie":2,"minecraft:chicken":1},"minecraft:custom":{"minecraft:interact_with_furnace":63,"minecraft:mob_kills":38,"minecraft:interact_with_crafting_table":19,"minecraft:leave_game":2,"minecraft:time_since_death":33140,"minecraft:sleep_in_bed":3,"minecraft:time_since_rest":9043,"minecraft:sprint_one_cm":155461,"minecraft:damage_taken":656,"minecraft:walk_one_cm":223713,"minecraft:drop":27,"minecraft:damage_dealt":2960,"minecraft:swim_one_cm":1936,"minecraft:fly_one_cm":20551,"minecraft:player_kills":1,"minecraft:open_chest":46,"minecraft:play_time":77426,"minecraft:deaths":1,"minecraft:sneak_time":452,"minecraft:walk_under_water_one_cm":22659,"minecraft:jump":535,"minecraft:walk_on_water_one_cm":23736,"minecraft:total_world_time":77426,"minecraft:fall_one_cm":3820},"minecraft:dropped":{"minecraft:stone_sword":1,"minecraft:cobblestone":24,"minecraft:white_bed":1,"minecraft:white_wool":3}},"DataVersion":3465}