{"stats":{"minecraft:mined":{"minecraft:grass":1},"minecraft:killed_by":{"minecraft:zombie":1},"minecraft:custom":{"minecraft:jump":56,"minecraft:leave_game":1,"minecraft:time_since_rest":556,"minecraft:deaths":1,"minecraft:damage_dealt":179,"minecraft:crouch_one_cm":22,"minecraft:walk_on_water_one_cm":4238,"minecraft:sprint_one_cm":8211,"minecraft:play_time":5108,"minecraft:damage_taken":255,"minecraft:time_since_death":518,"minecraft:walk_one_cm":5593,"minecraft:sneak_time":30,"minecraft:total_world_time":5108,"minecraft:walk_under_water_one_cm":842,"minecraft:swim_one_cm":24394,"minecraft:fall_one_cm":2117,"minecraft:fly_one_cm":6586}},"DataVersion":3465}